ticket_id,rule_failed,severity,analyst,group,age_h
INC100000,Comment cadence,High,S. Das,L1,14
INC100000,Resolution quality low,High,S. Das,L1,14
INC100001,Acknowledgement SLA,High,A. Roy,L1,28
INC100001,Resolution quality low,High,A. Roy,L1,28
INC100002,KB linkage missing,Low,S. Das,L3,54
INC100003,Comment cadence,Medium,P. Singh,L1,55
INC100003,On-Hold notice missing,Medium,P. Singh,L1,55
INC100005,Resolution quality low,High,P. Singh,L2,34
INC100005,KB linkage missing,Low,P. Singh,L2,34
INC100006,Comment cadence,Medium,A. Roy,L3,11
INC100007,Acknowledgement SLA,Medium,S. Das,L3,6
INC100007,Resolution quality low,High,S. Das,L3,6
INC100008,KB linkage missing,Low,P. Singh,L1,49
INC100009,Comment cadence,Medium,J. Rao,L1,27
INC100009,Acknowledgement SLA,Medium,J. Rao,L1,27
INC100010,KB linkage missing,Low,R. Gupta,L3,69
INC100012,On-Hold notice missing,Medium,P. Singh,L1,52
INC100013,Comment cadence,High,R. Gupta,L3,28
INC100013,Resolution quality low,High,R. Gupta,L3,28
INC100014,Comment cadence,Medium,J. Rao,L1,32
INC100014,Acknowledgement SLA,Medium,J. Rao,L1,32
INC100015,Resolution quality low,High,T. Chen,L3,52
INC100016,Comment cadence,High,M. Lee,L3,7
INC100016,On-Hold notice missing,Medium,M. Lee,L3,7
INC100018,Comment cadence,Medium,J. Rao,L3,2
INC100018,Resolution quality low,High,J. Rao,L3,2
INC100019,KB linkage missing,Low,J. Rao,L3,38
INC100020,Acknowledgement SLA,High,R. Gupta,L1,65
INC100020,Resolution quality low,High,R. Gupta,L1,65
INC100021,On-Hold notice missing,Medium,J. Rao,L3,26
INC100021,KB linkage missing,Low,J. Rao,L3,26
INC100022,Comment cadence,Medium,P. Singh,L3,1
INC100022,Acknowledgement SLA,Medium,P. Singh,L3,1
INC100023,Resolution quality low,High,A. Roy,L1,40
INC100024,KB linkage missing,Low,A. Roy,L3,63
INC100026,Acknowledgement SLA,Medium,T. Chen,L1,40
INC100026,Resolution quality low,High,T. Chen,L1,40
INC100027,KB linkage missing,Low,T. Chen,L2,16
INC100028,Resolution quality low,High,A. Roy,L2,71
INC100028,KB linkage missing,Low,A. Roy,L2,71
INC100029,Comment cadence,Medium,A. Roy,L1,30
INC100029,Resolution quality low,High,A. Roy,L1,30
INC100031,On-Hold notice missing,Medium,T. Chen,L3,61
INC100031,KB linkage missing,Low,T. Chen,L3,61
INC100032,Comment cadence,Medium,A. Roy,L1,56
INC100032,On-Hold notice missing,Medium,A. Roy,L1,56
INC100033,KB linkage missing,Low,P. Singh,L2,13
INC100034,KB linkage missing,Low,S. Das,L1,25
INC100035,Comment cadence,Medium,S. Das,L2,60
INC100036,KB linkage missing,Low,A. Roy,L3,70
INC100038,Resolution quality low,High,M. Lee,L1,50
INC100039,Acknowledgement SLA,Medium,R. Gupta,L2,63
INC100039,On-Hold notice missing,Medium,R. Gupta,L2,63
INC100040,Comment cadence,High,A. Roy,L1,70
INC100040,Acknowledgement SLA,High,A. Roy,L1,70
INC100041,Acknowledgement SLA,Medium,A. Roy,L1,62
INC100042,Resolution quality low,High,T. Chen,L1,24
INC100043,KB linkage missing,Low,P. Singh,L3,52
INC100045,KB linkage missing,Low,S. Das,L2,31
INC100047,KB linkage missing,Low,T. Chen,L2,13
INC100048,On-Hold notice missing,Medium,J. Rao,L3,45
INC100048,Resolution quality low,High,J. Rao,L3,45
INC100049,Acknowledgement SLA,High,S. Das,L2,70
INC100049,KB linkage missing,Low,S. Das,L2,70
INC100051,Comment cadence,High,A. Roy,L1,20
INC100052,Acknowledgement SLA,Medium,J. Rao,L3,34
INC100052,Resolution quality low,High,J. Rao,L3,34
INC100053,Acknowledgement SLA,Medium,A. Roy,L1,36
INC100054,Resolution quality low,High,R. Gupta,L1,21
INC100054,KB linkage missing,Low,R. Gupta,L1,21
INC100055,Comment cadence,Medium,A. Roy,L3,10
INC100056,KB linkage missing,Low,T. Chen,L2,19
INC100057,Resolution quality low,High,J. Rao,L2,46
INC100058,Resolution quality low,High,A. Roy,L3,72
INC100059,Resolution quality low,High,P. Singh,L1,23
INC100060,Comment cadence,High,J. Rao,L3,32
INC100060,Acknowledgement SLA,High,J. Rao,L3,32
INC100061,Resolution quality low,High,P. Singh,L2,61
INC100061,KB linkage missing,Low,P. Singh,L2,61
INC100062,KB linkage missing,Low,J. Rao,L2,29
INC100063,Resolution quality low,High,J. Rao,L2,9
INC100063,KB linkage missing,Low,J. Rao,L2,9
INC100064,Resolution quality low,High,P. Singh,L3,43
INC100065,Comment cadence,High,T. Chen,L1,5
INC100065,Resolution quality low,High,T. Chen,L1,5
INC100066,KB linkage missing,Low,R. Gupta,L2,56
INC100067,KB linkage missing,Low,T. Chen,L2,33
INC100068,Resolution quality low,High,T. Chen,L1,26
INC100068,KB linkage missing,Low,T. Chen,L1,26
INC100069,KB linkage missing,Low,J. Rao,L3,41
INC100070,Resolution quality low,High,J. Rao,L3,42
INC100070,KB linkage missing,Low,J. Rao,L3,42
INC100071,KB linkage missing,Low,S. Das,L3,54
INC100072,Resolution quality low,High,T. Chen,L3,52
INC100072,KB linkage missing,Low,T. Chen,L3,52
INC100073,Resolution quality low,High,S. Das,L2,42
INC100074,Resolution quality low,High,S. Das,L3,61
INC100074,KB linkage missing,Low,S. Das,L3,61
INC100075,Acknowledgement SLA,Medium,T. Chen,L2,43
INC100075,KB linkage missing,Low,T. Chen,L2,43
INC100076,Acknowledgement SLA,High,P. Singh,L1,19
INC100076,Resolution quality low,High,P. Singh,L1,19
INC100077,KB linkage missing,Low,T. Chen,L2,59
INC100078,Resolution quality low,High,R. Gupta,L3,64
INC100078,KB linkage missing,Low,R. Gupta,L3,64
INC100079,Resolution quality low,High,R. Gupta,L3,14
INC100079,KB linkage missing,Low,R. Gupta,L3,14
INC100081,KB linkage missing,Low,S. Das,L2,68
INC100082,KB linkage missing,Low,T. Chen,L2,55
INC100083,Acknowledgement SLA,Medium,P. Singh,L3,58
INC100083,KB linkage missing,Low,P. Singh,L3,58
INC100084,KB linkage missing,Low,M. Lee,L3,36
INC100085,KB linkage missing,Low,J. Rao,L1,41
INC100086,Acknowledgement SLA,High,S. Das,L1,20
INC100086,KB linkage missing,Low,S. Das,L1,20
INC100088,KB linkage missing,Low,M. Lee,L2,3
INC100089,Resolution quality low,High,J. Rao,L1,50
INC100089,KB linkage missing,Low,J. Rao,L1,50
INC100090,Resolution quality low,High,S. Das,L2,56
INC100090,KB linkage missing,Low,S. Das,L2,56
INC100091,KB linkage missing,Low,R. Gupta,L2,22
INC100092,Acknowledgement SLA,High,T. Chen,L2,4
INC100092,Resolution quality low,High,T. Chen,L2,4
INC100093,On-Hold notice missing,Medium,P. Singh,L1,24
INC100093,Resolution quality low,High,P. Singh,L1,24
INC100094,Acknowledgement SLA,Medium,S. Das,L2,42
INC100094,KB linkage missing,Low,S. Das,L2,42
INC100095,On-Hold notice missing,Medium,J. Rao,L2,61
INC100095,Resolution quality low,High,J. Rao,L2,61
INC100097,Acknowledgement SLA,High,T. Chen,L1,31
INC100097,Resolution quality low,High,T. Chen,L1,31
INC100098,On-Hold notice missing,Medium,S. Das,L3,33
INC100098,Resolution quality low,High,S. Das,L3,33
INC100100,Resolution quality low,High,R. Gupta,L2,10
INC100100,KB linkage missing,Low,R. Gupta,L2,10
INC100101,Comment cadence,Medium,R. Gupta,L1,16
INC100101,Acknowledgement SLA,Medium,R. Gupta,L1,16
INC100102,On-Hold notice missing,Medium,M. Lee,L3,9
INC100103,Resolution quality low,High,P. Singh,L1,63
INC100103,KB linkage missing,Low,P. Singh,L1,63
INC100104,Resolution quality low,High,P. Singh,L3,20
INC100105,Resolution quality low,High,P. Singh,L3,62
INC100105,KB linkage missing,Low,P. Singh,L3,62
INC100106,Acknowledgement SLA,Medium,P. Singh,L2,12
INC100106,Resolution quality low,High,P. Singh,L2,12
INC100107,Resolution quality low,High,T. Chen,L2,49
INC100107,KB linkage missing,Low,T. Chen,L2,49
INC100108,KB linkage missing,Low,S. Das,L2,28
INC100109,On-Hold notice missing,Medium,T. Chen,L2,72
INC100110,Acknowledgement SLA,Medium,S. Das,L1,63
INC100111,Resolution quality low,High,R. Gupta,L3,58
INC100112,On-Hold notice missing,Medium,M. Lee,L1,40
INC100112,Resolution quality low,High,M. Lee,L1,40
INC100113,KB linkage missing,Low,T. Chen,L3,55
INC100114,Acknowledgement SLA,Medium,M. Lee,L3,40
INC100114,Resolution quality low,High,M. Lee,L3,40
INC100115,Acknowledgement SLA,High,S. Das,L3,16
INC100115,KB linkage missing,Low,S. Das,L3,16
INC100116,KB linkage missing,Low,S. Das,L1,36
INC100117,KB linkage missing,Low,P. Singh,L1,38
INC100118,On-Hold notice missing,Medium,A. Roy,L2,17
INC100118,Resolution quality low,High,A. Roy,L2,17
INC100119,Comment cadence,High,J. Rao,L3,63
INC100119,On-Hold notice missing,Medium,J. Rao,L3,63
INC100120,KB linkage missing,Low,M. Lee,L2,44
INC100121,Resolution quality low,High,A. Roy,L2,52
INC100121,KB linkage missing,Low,A. Roy,L2,52
INC100122,Comment cadence,High,S. Das,L1,39
INC100123,KB linkage missing,Low,P. Singh,L3,29
INC100124,On-Hold notice missing,Medium,J. Rao,L2,55
INC100125,Acknowledgement SLA,Medium,R. Gupta,L3,27
INC100125,Resolution quality low,High,R. Gupta,L3,27
INC100126,Resolution quality low,High,S. Das,L1,71
INC100127,Acknowledgement SLA,High,M. Lee,L2,61
INC100127,On-Hold notice missing,Medium,M. Lee,L2,61
INC100128,Acknowledgement SLA,High,R. Gupta,L2,59
INC100128,KB linkage missing,Low,R. Gupta,L2,59
INC100129,Comment cadence,Medium,P. Singh,L2,26
INC100129,KB linkage missing,Low,P. Singh,L2,26
INC100130,KB linkage missing,Low,S. Das,L3,19
INC100131,Comment cadence,High,T. Chen,L2,37
INC100131,Resolution quality low,High,T. Chen,L2,37
INC100132,Acknowledgement SLA,High,J. Rao,L3,35
INC100132,KB linkage missing,Low,J. Rao,L3,35
INC100133,Resolution quality low,High,A. Roy,L2,6
INC100135,On-Hold notice missing,Medium,P. Singh,L3,6
INC100136,KB linkage missing,Low,S. Das,L2,56
INC100138,Comment cadence,High,R. Gupta,L2,37
INC100138,KB linkage missing,Low,R. Gupta,L2,37
INC100139,Comment cadence,Medium,A. Roy,L2,33
INC100139,On-Hold notice missing,Medium,A. Roy,L2,33
INC100140,Acknowledgement SLA,High,P. Singh,L3,70
INC100140,Resolution quality low,High,P. Singh,L3,70
INC100141,On-Hold notice missing,Medium,T. Chen,L1,64
INC100141,Resolution quality low,High,T. Chen,L1,64
INC100142,Resolution quality low,High,T. Chen,L2,37
INC100143,Comment cadence,Medium,A. Roy,L1,31
INC100143,Resolution quality low,High,A. Roy,L1,31
INC100144,Acknowledgement SLA,Medium,M. Lee,L3,29
INC100144,Resolution quality low,High,M. Lee,L3,29
INC100146,On-Hold notice missing,Medium,P. Singh,L2,61
INC100146,Resolution quality low,High,P. Singh,L2,61
INC100147,Resolution quality low,High,S. Das,L2,66
INC100148,Acknowledgement SLA,High,J. Rao,L2,35
INC100148,KB linkage missing,Low,J. Rao,L2,35
INC100150,Acknowledgement SLA,Medium,J. Rao,L2,70
INC100152,Acknowledgement SLA,Medium,R. Gupta,L2,49
INC100152,KB linkage missing,Low,R. Gupta,L2,49
INC100153,KB linkage missing,Low,A. Roy,L2,65
INC100154,Comment cadence,Medium,A. Roy,L2,59
INC100154,KB linkage missing,Low,A. Roy,L2,59
INC100156,Resolution quality low,High,R. Gupta,L3,11
INC100157,On-Hold notice missing,Medium,R. Gupta,L2,70
INC100157,KB linkage missing,Low,R. Gupta,L2,70
INC100158,KB linkage missing,Low,R. Gupta,L1,30
INC100160,Comment cadence,Medium,A. Roy,L1,8
INC100160,Resolution quality low,High,A. Roy,L1,8
INC100162,Acknowledgement SLA,Medium,S. Das,L1,49
INC100162,KB linkage missing,Low,S. Das,L1,49
INC100163,Acknowledgement SLA,Medium,M. Lee,L1,59
INC100164,Comment cadence,Medium,J. Rao,L2,21
INC100164,Resolution quality low,High,J. Rao,L2,21
INC100165,Comment cadence,Medium,J. Rao,L3,33
INC100165,On-Hold notice missing,Medium,J. Rao,L3,33
INC100166,On-Hold notice missing,Medium,P. Singh,L2,14
INC100166,KB linkage missing,Low,P. Singh,L2,14
INC100167,Resolution quality low,High,J. Rao,L3,3
INC100167,KB linkage missing,Low,J. Rao,L3,3
INC100168,Resolution quality low,High,P. Singh,L3,64
INC100170,Comment cadence,Medium,R. Gupta,L3,40
INC100170,On-Hold notice missing,Medium,R. Gupta,L3,40
INC100171,Resolution quality low,High,S. Das,L3,38
INC100171,KB linkage missing,Low,S. Das,L3,38
INC100173,KB linkage missing,Low,J. Rao,L1,38
INC100175,Resolution quality low,High,A. Roy,L2,69
INC100176,Resolution quality low,High,R. Gupta,L3,49
INC100178,Resolution quality low,High,A. Roy,L3,39
INC100179,KB linkage missing,Low,A. Roy,L1,64
INC100180,Resolution quality low,High,S. Das,L3,59
INC100181,Comment cadence,Medium,R. Gupta,L3,54
INC100181,KB linkage missing,Low,R. Gupta,L3,54
INC100183,Resolution quality low,High,A. Roy,L2,70
INC100183,KB linkage missing,Low,A. Roy,L2,70
INC100184,On-Hold notice missing,Medium,S. Das,L2,59
INC100184,KB linkage missing,Low,S. Das,L2,59
INC100188,Acknowledgement SLA,Medium,P. Singh,L2,17
INC100188,Resolution quality low,High,P. Singh,L2,17
INC100189,Comment cadence,Medium,R. Gupta,L1,17
INC100189,Acknowledgement SLA,Medium,R. Gupta,L1,17
INC100191,Comment cadence,High,M. Lee,L3,15
INC100191,Resolution quality low,High,M. Lee,L3,15
INC100197,Comment cadence,Medium,T. Chen,L2,56
INC100198,KB linkage missing,Low,R. Gupta,L3,28
INC100200,Resolution quality low,High,M. Lee,L2,33
INC100201,On-Hold notice missing,Medium,A. Roy,L1,12
INC100201,Resolution quality low,High,A. Roy,L1,12
INC100202,KB linkage missing,Low,T. Chen,L1,72
INC100203,Comment cadence,Medium,J. Rao,L2,7
INC100203,On-Hold notice missing,Medium,J. Rao,L2,7
INC100204,Resolution quality low,High,A. Roy,L2,65
INC100204,KB linkage missing,Low,A. Roy,L2,65
INC100206,On-Hold notice missing,Medium,T. Chen,L2,55
INC100206,Resolution quality low,High,T. Chen,L2,55
INC100207,Resolution quality low,High,R. Gupta,L3,4
INC100208,Comment cadence,Medium,J. Rao,L2,24
INC100208,Resolution quality low,High,J. Rao,L2,24
INC100210,On-Hold notice missing,Medium,M. Lee,L2,21
INC100210,Resolution quality low,High,M. Lee,L2,21
INC100211,Acknowledgement SLA,Medium,T. Chen,L3,7
INC100212,Acknowledgement SLA,High,A. Roy,L3,57
INC100212,Resolution quality low,High,A. Roy,L3,57
INC100214,KB linkage missing,Low,J. Rao,L1,63
INC100216,Resolution quality low,High,P. Singh,L1,33
INC100216,KB linkage missing,Low,P. Singh,L1,33
INC100217,Comment cadence,Medium,M. Lee,L1,23
INC100217,KB linkage missing,Low,M. Lee,L1,23
INC100219,KB linkage missing,Low,A. Roy,L2,10
