ticket_id,priority,tower,assignment_group,analyst,incident_type,opened_at,age_hours,ack_sla,comment_cadence_ok,on_hold_just,on_hold_notice,resolution_quality,kb_linked,customer_confirmation,correct_assignment,correct_priority,rules_score,llm_score,total_score
INC100000,P1,NetOps,L1,S. Das,Software,2025-08-25 04:20:38,14,True,False,True,True,2,True,True,True,True,50,22,72
INC100001,P1,Security,L1,A. Roy,Hardware,2025-09-15 06:01:55,28,False,True,False,True,2,True,True,True,True,40,22,62
INC100002,P3,Apps,L3,S. Das,Other,2025-08-31 01:42:12,54,True,True,True,True,4,False,True,True,True,70,29,99
INC100003,P2,NetOps,L1,P. Singh,Software,2025-08-30 11:27:56,55,True,False,True,False,5,True,True,True,True,40,40,80
INC100004,P2,EBS,L1,P. Singh,Network,2025-09-05 07:03:16,14,True,True,True,True,4,True,True,True,True,70,34,100
INC100005,P2,Apps,L2,P. Singh,Network,2025-08-24 06:41:26,34,True,True,True,True,2,False,True,True,True,70,17,87
INC100006,P3,Security,L3,A. Roy,Access,2025-08-21 21:15:26,11,True,False,True,True,4,True,True,True,True,50,34,84
INC100007,P2,NetOps,L3,S. Das,Hardware,2025-09-15 13:48:28,6,False,True,True,True,1,True,True,True,True,50,16,66
INC100008,P2,Apps,L1,P. Singh,Hardware,2025-08-30 20:09:16,49,True,True,True,True,3,False,True,True,True,70,23,93
INC100009,P2,NetOps,L1,J. Rao,Network,2025-09-02 06:29:47,27,False,False,True,True,5,False,True,True,True,30,35,65
INC100010,P3,Apps,L3,R. Gupta,Software,2025-09-01 17:41:08,69,True,True,True,True,3,False,True,True,True,70,23,93
INC100011,P1,Security,L2,J. Rao,Other,2025-08-31 15:51:33,29,True,True,True,True,5,True,True,True,True,70,40,100
INC100012,P1,EBS,L1,P. Singh,Network,2025-09-04 12:27:02,52,True,True,True,False,5,True,True,True,True,60,40,100
INC100013,P1,EBS,L3,R. Gupta,Network,2025-09-01 18:34:28,28,True,False,True,True,1,True,True,True,True,50,16,66
INC100014,P2,Security,L1,J. Rao,Software,2025-09-13 00:16:49,32,False,False,True,True,1,True,True,True,True,30,16,46
INC100015,P3,NetOps,L3,T. Chen,Access,2025-09-16 00:40:30,52,True,True,True,True,1,True,True,True,True,70,16,86
INC100016,P1,EBS,L3,M. Lee,Hardware,2025-09-06 08:23:25,7,True,False,True,False,4,True,True,True,True,40,34,74
INC100017,P1,EBS,L3,M. Lee,Other,2025-08-25 02:23:03,9,True,True,False,True,4,True,True,True,True,60,34,94
INC100018,P2,Security,L3,J. Rao,Other,2025-09-07 10:55:13,2,True,False,True,True,1,True,True,True,True,50,16,66
INC100019,P3,NetOps,L3,J. Rao,Hardware,2025-08-25 08:05:46,38,True,True,True,True,4,False,True,True,True,70,29,99
INC100020,P1,Security,L1,R. Gupta,Network,2025-09-09 21:10:19,65,False,True,True,True,2,True,True,True,True,50,22,72
INC100021,P3,Apps,L3,J. Rao,Other,2025-08-28 10:46:42,26,True,True,True,False,5,False,True,True,True,60,35,95
INC100022,P2,EBS,L3,P. Singh,Other,2025-08-27 04:42:16,1,False,False,True,False,4,True,True,True,True,20,34,54
INC100023,P2,Security,L1,A. Roy,Network,2025-09-17 20:27:17,40,True,True,True,True,2,True,True,False,True,65,22,87
INC100024,P1,EBS,L3,A. Roy,Hardware,2025-08-31 09:36:57,63,True,True,True,True,3,False,True,True,True,70,23,93
INC100025,P3,EBS,L1,R. Gupta,Access,2025-08-23 03:16:20,71,True,True,False,True,3,True,True,True,True,60,28,88
INC100026,P2,Security,L1,T. Chen,Software,2025-08-27 19:01:14,40,False,True,True,True,1,True,False,True,True,50,11,61
INC100027,P3,NetOps,L2,T. Chen,Access,2025-09-08 03:29:36,16,True,True,False,True,5,False,False,True,True,60,30,90
INC100028,P1,Apps,L2,A. Roy,Other,2025-08-31 19:27:53,71,True,True,True,True,2,False,True,True,True,70,17,87
INC100029,P3,EBS,L1,A. Roy,Hardware,2025-08-30 22:44:13,30,True,False,True,True,2,True,False,True,True,50,17,67
INC100030,P1,NetOps,L1,T. Chen,Software,2025-08-23 01:09:39,36,True,True,True,True,5,True,True,True,True,70,40,100
INC100031,P1,EBS,L3,T. Chen,Other,2025-09-12 08:10:57,61,True,True,True,False,4,False,True,True,True,60,29,89
INC100032,P2,Security,L1,A. Roy,Hardware,2025-08-31 13:44:46,56,True,False,True,False,1,True,False,True,True,40,11,51
INC100033,P2,Security,L2,P. Singh,Hardware,2025-09-05 23:25:13,13,True,True,True,True,4,False,True,True,True,70,29,99
INC100034,P2,NetOps,L1,S. Das,Software,2025-08-22 17:15:09,25,True,True,False,True,3,False,True,True,True,60,23,83
INC100035,P2,EBS,L2,S. Das,Network,2025-09-14 19:27:07,60,True,False,True,True,5,True,False,True,True,50,35,85
INC100036,P1,Security,L3,A. Roy,Hardware,2025-08-31 21:40:46,70,True,True,False,True,5,False,True,True,True,60,35,95
INC100037,P1,EBS,L1,M. Lee,Access,2025-08-20 11:49:40,62,True,True,True,True,4,True,True,True,True,70,34,100
INC100038,P2,Apps,L1,M. Lee,Hardware,2025-08-30 03:40:03,50,True,True,True,True,1,True,True,True,True,70,16,86
INC100039,P2,NetOps,L2,R. Gupta,Other,2025-09-01 15:37:04,63,False,True,True,False,1,False,True,True,True,40,11,51
INC100040,P1,NetOps,L1,A. Roy,Other,2025-08-27 06:59:06,70,False,False,True,True,4,True,True,True,True,30,34,64
INC100041,P3,NetOps,L1,A. Roy,Other,2025-08-22 17:39:16,62,False,True,False,False,4,True,True,True,True,30,34,64
INC100042,P3,EBS,L1,T. Chen,Hardware,2025-09-13 04:29:49,24,True,True,True,True,2,True,False,True,True,70,17,87
INC100043,P3,Apps,L3,P. Singh,Software,2025-08-23 02:28:01,52,True,True,True,True,5,False,True,True,True,70,35,100
INC100044,P3,EBS,L3,T. Chen,Hardware,2025-08-25 14:18:42,11,True,True,True,True,5,True,True,True,True,70,40,100
INC100045,P3,NetOps,L2,S. Das,Network,2025-09-09 03:03:58,31,True,True,True,True,5,False,True,True,True,70,35,100
INC100046,P2,EBS,L3,R. Gupta,Network,2025-09-01 16:05:50,59,True,True,False,False,3,True,True,True,True,50,28,78
INC100047,P1,Apps,L2,T. Chen,Other,2025-09-04 03:00:25,13,True,True,False,True,5,False,False,False,True,55,30,85
INC100048,P3,EBS,L3,J. Rao,Software,2025-08-23 07:59:19,45,True,True,True,False,1,False,True,True,True,60,11,71
INC100049,P1,NetOps,L2,S. Das,Access,2025-08-23 02:46:53,70,False,True,True,True,5,False,True,True,True,50,35,85
INC100050,P3,Apps,L3,P. Singh,Other,2025-09-03 11:05:30,39,True,True,False,True,4,True,True,True,True,60,34,94
INC100051,P1,NetOps,L1,A. Roy,Other,2025-08-24 19:19:15,20,True,False,True,True,5,True,True,True,True,50,40,90
INC100052,P2,EBS,L3,J. Rao,Software,2025-09-01 23:56:33,34,False,True,True,True,1,True,True,True,True,50,16,66
INC100053,P2,NetOps,L1,A. Roy,Access,2025-09-13 07:28:41,36,False,True,False,True,5,True,False,True,True,40,35,75
INC100054,P1,NetOps,L1,R. Gupta,Network,2025-08-21 21:59:55,21,True,True,True,True,1,False,True,True,True,70,11,81
INC100055,P3,Security,L3,A. Roy,Hardware,2025-09-10 05:24:34,10,True,False,True,True,4,True,True,True,True,50,34,84
INC100056,P3,Apps,L2,T. Chen,Other,2025-08-27 00:17:40,19,True,True,True,True,3,False,True,True,True,70,23,93
INC100057,P1,Apps,L2,J. Rao,Hardware,2025-09-09 15:22:18,46,True,True,False,True,2,True,True,True,True,60,22,82
INC100058,P3,EBS,L3,A. Roy,Network,2025-08-29 23:23:26,72,True,True,True,True,1,True,False,True,True,70,11,81
INC100059,P3,EBS,L1,P. Singh,Software,2025-09-08 12:05:52,23,True,True,True,True,1,True,True,True,True,70,16,86
INC100060,P1,EBS,L3,J. Rao,Access,2025-09-08 18:59:30,32,False,False,False,True,5,False,False,True,True,20,30,50
INC100061,P1,Apps,L2,P. Singh,Hardware,2025-09-01 17:29:06,61,True,True,True,True,1,False,True,True,True,70,11,81
INC100062,P1,Security,L2,J. Rao,Software,2025-08-30 13:47:16,29,True,True,True,True,4,False,False,True,True,70,24,94
INC100063,P3,EBS,L2,J. Rao,Network,2025-08-20 22:12:17,9,True,True,True,True,2,False,False,True,False,65,12,77
INC100064,P2,Security,L3,P. Singh,Other,2025-09-02 07:50:17,43,True,True,True,True,2,True,True,True,True,70,22,92
INC100065,P1,NetOps,L1,T. Chen,Network,2025-08-21 02:47:27,5,True,False,False,True,1,True,True,True,False,35,16,51
INC100066,P3,Security,L2,R. Gupta,Network,2025-08-25 00:55:55,56,True,True,True,True,3,False,True,True,True,70,23,93
INC100067,P3,Apps,L2,T. Chen,Software,2025-09-18 04:55:06,33,True,True,True,True,3,False,False,True,True,70,18,88
INC100068,P3,Security,L1,T. Chen,Other,2025-08-21 22:20:52,26,True,True,True,True,1,False,True,True,True,70,11,81
INC100069,P2,Apps,L3,J. Rao,Other,2025-09-06 10:58:57,41,True,True,True,True,3,False,True,True,True,70,23,93
INC100070,P3,NetOps,L3,J. Rao,Access,2025-08-25 19:49:58,42,True,True,True,True,2,False,True,True,True,70,17,87
INC100071,P3,NetOps,L3,S. Das,Software,2025-09-08 07:27:51,54,True,True,True,True,3,False,True,True,True,70,23,93
INC100072,P3,EBS,L3,T. Chen,Network,2025-09-07 04:22:12,52,True,True,True,True,1,False,True,True,True,70,11,81
INC100073,P1,NetOps,L2,S. Das,Access,2025-09-15 09:01:37,42,True,True,True,True,2,True,True,True,True,70,22,92
INC100074,P2,Security,L3,S. Das,Other,2025-09-11 08:23:03,61,True,True,True,True,2,False,True,True,True,70,17,87
INC100075,P3,Apps,L2,T. Chen,Other,2025-08-28 00:20:19,43,False,True,True,True,4,False,True,True,True,50,29,79
INC100076,P1,NetOps,L1,P. Singh,Software,2025-08-24 07:26:16,19,False,True,True,True,2,False,False,True,False,45,12,57
INC100077,P1,EBS,L2,T. Chen,Hardware,2025-08-20 23:05:29,59,True,True,True,True,3,False,True,True,True,70,23,93
INC100078,P3,EBS,L3,R. Gupta,Access,2025-09-08 21:29:33,64,True,True,True,True,1,False,True,True,True,70,11,81
INC100079,P1,EBS,L3,R. Gupta,Hardware,2025-09-08 04:15:47,14,True,True,True,True,2,False,True,True,True,70,17,87
INC100080,P1,EBS,L3,T. Chen,Access,2025-09-09 09:57:54,7,True,True,True,True,3,True,False,True,False,65,23,88
INC100081,P1,Apps,L2,S. Das,Access,2025-09-15 20:03:31,68,True,True,False,True,3,False,False,True,True,60,18,78
INC100082,P3,NetOps,L2,T. Chen,Other,2025-09-15 21:49:44,55,True,True,True,True,5,False,True,True,True,70,35,100
INC100083,P2,EBS,L3,P. Singh,Access,2025-09-15 08:57:03,58,False,True,True,True,3,False,True,True,True,50,23,73
INC100084,P1,NetOps,L3,M. Lee,Software,2025-09-01 08:36:50,36,True,True,True,True,3,False,True,True,True,70,23,93
INC100085,P1,NetOps,L1,J. Rao,Network,2025-09-10 03:07:21,41,True,True,True,True,3,False,True,True,True,70,23,93
INC100086,P1,EBS,L1,S. Das,Access,2025-09-14 23:57:24,20,False,True,True,True,3,False,True,True,True,50,23,73
INC100087,P1,Security,L2,J. Rao,Other,2025-08-30 03:54:25,60,True,True,True,True,5,True,False,True,True,70,35,100
INC100088,P1,EBS,L2,M. Lee,Other,2025-09-08 23:02:45,3,True,True,True,True,3,False,True,True,True,70,23,93
INC100089,P2,Security,L1,J. Rao,Network,2025-09-16 17:21:42,50,True,True,False,True,2,False,True,True,True,60,17,77
INC100090,P3,EBS,L2,S. Das,Network,2025-09-09 02:49:44,56,True,True,False,True,2,False,True,True,True,60,17,77
INC100091,P1,Security,L2,R. Gupta,Access,2025-09-12 08:26:52,22,True,True,False,True,5,False,False,True,True,60,30,90
INC100092,P1,Apps,L2,T. Chen,Other,2025-09-11 11:10:58,4,False,True,True,True,1,False,True,True,True,50,11,61
INC100093,P3,Security,L1,P. Singh,Access,2025-08-23 20:26:23,24,True,True,True,False,2,True,False,True,True,60,17,77
INC100094,P2,Security,L2,S. Das,Access,2025-08-22 05:13:11,42,False,True,True,True,5,False,True,True,True,50,35,85
INC100095,P2,NetOps,L2,J. Rao,Hardware,2025-09-05 03:51:01,61,True,True,True,False,1,False,False,True,True,60,6,66
INC100096,P3,Apps,L2,S. Das,Hardware,2025-08-20 17:13:01,6,True,True,True,True,3,True,True,True,True,70,28,98
INC100097,P1,EBS,L1,T. Chen,Software,2025-08-21 06:47:11,31,False,True,True,True,2,False,True,True,True,50,17,67
INC100098,P2,Apps,L3,S. Das,Access,2025-08-25 21:41:31,33,True,True,True,False,2,True,True,True,True,60,22,82
INC100099,P1,Apps,L1,J. Rao,Hardware,2025-09-06 16:25:40,4,True,True,True,True,3,True,True,True,True,70,28,98
INC100100,P3,Security,L2,R. Gupta,Software,2025-09-03 22:05:25,10,True,True,True,True,2,False,False,True,True,70,12,82
INC100101,P3,EBS,L1,R. Gupta,Network,2025-09-17 12:28:40,16,False,False,True,True,2,True,True,True,True,30,22,52
INC100102,P1,NetOps,L3,M. Lee,Network,2025-09-16 05:59:35,9,True,True,True,False,5,True,True,True,True,60,40,100
INC100103,P3,NetOps,L1,P. Singh,Access,2025-09-13 08:07:15,63,True,True,True,True,2,False,True,False,True,65,17,82
INC100104,P2,NetOps,L3,P. Singh,Access,2025-08-24 21:35:44,20,True,True,False,True,1,True,True,True,True,60,16,76
INC100105,P1,NetOps,L3,P. Singh,Other,2025-09-09 22:00:47,62,True,True,True,True,2,False,True,True,True,70,17,87
INC100106,P2,NetOps,L2,P. Singh,Software,2025-09-11 08:15:03,12,False,True,True,True,1,True,True,True,True,50,16,66
INC100107,P2,EBS,L2,T. Chen,Other,2025-09-02 07:36:31,49,True,True,True,True,2,False,True,True,True,70,17,87
INC100108,P1,Security,L2,S. Das,Access,2025-09-05 02:33:51,28,True,True,True,True,4,False,True,True,True,70,29,99
INC100109,P2,NetOps,L2,T. Chen,Network,2025-09-06 00:02:05,72,True,True,True,False,3,True,True,True,True,60,28,88
INC100110,P3,EBS,L1,S. Das,Access,2025-08-20 06:27:38,63,False,True,True,True,4,True,False,True,False,45,29,74
INC100111,P1,Security,L3,R. Gupta,Access,2025-09-15 17:27:39,58,True,True,True,True,1,True,False,True,True,70,11,81
INC100112,P1,NetOps,L1,M. Lee,Software,2025-08-20 14:43:25,40,True,True,True,False,2,True,True,True,False,55,22,77
INC100113,P2,Security,L3,T. Chen,Network,2025-09-17 00:11:42,55,True,True,True,True,3,False,False,True,True,70,18,88
INC100114,P2,NetOps,L3,M. Lee,Network,2025-09-15 11:52:58,40,False,True,True,True,2,True,True,True,True,50,22,72
INC100115,P1,Apps,L3,S. Das,Network,2025-08-31 23:32:25,16,False,True,True,True,5,False,True,True,True,50,35,85
INC100116,P3,EBS,L1,S. Das,Access,2025-09-14 18:57:38,36,True,True,True,True,3,False,True,True,True,70,23,93
INC100117,P3,NetOps,L1,P. Singh,Software,2025-09-17 09:33:08,38,True,True,True,True,4,False,False,True,True,70,24,94
INC100118,P2,EBS,L2,A. Roy,Other,2025-08-30 19:40:15,17,True,True,True,False,2,True,False,True,True,60,17,77
INC100119,P1,Apps,L3,J. Rao,Software,2025-09-02 02:13:47,63,True,False,True,False,4,True,True,True,True,40,34,74
INC100120,P1,NetOps,L2,M. Lee,Access,2025-08-24 18:09:25,44,True,True,True,True,4,False,True,True,True,70,29,99
INC100121,P1,NetOps,L2,A. Roy,Hardware,2025-08-28 17:25:59,52,True,True,True,True,1,False,True,True,True,70,11,81
INC100122,P1,Apps,L1,S. Das,Other,2025-09-12 15:33:36,39,True,False,True,True,4,True,False,True,True,50,29,79
INC100123,P1,Apps,L3,P. Singh,Access,2025-08-23 21:52:36,29,True,True,False,True,4,False,True,True,True,60,29,89
INC100124,P2,Security,L2,J. Rao,Other,2025-09-14 03:28:30,55,True,True,True,False,5,True,False,True,True,60,35,95
INC100125,P3,Apps,L3,R. Gupta,Hardware,2025-09-03 14:25:39,27,False,True,True,True,1,True,False,True,True,50,11,61
INC100126,P2,Apps,L1,S. Das,Software,2025-08-30 00:29:45,71,True,True,True,True,1,True,True,True,True,70,16,86
INC100127,P1,Apps,L2,M. Lee,Other,2025-08-23 10:05:26,61,False,True,True,False,3,True,True,True,True,40,28,68
INC100128,P1,EBS,L2,R. Gupta,Network,2025-09-02 21:58:32,59,False,True,True,True,5,False,False,True,True,50,30,80
INC100129,P3,EBS,L2,P. Singh,Other,2025-08-23 05:33:51,26,True,False,True,True,3,False,False,True,True,50,18,68
INC100130,P1,EBS,L3,S. Das,Network,2025-09-09 09:57:24,19,True,True,True,True,5,False,True,True,True,70,35,100
INC100131,P1,EBS,L2,T. Chen,Other,2025-08-23 05:49:56,37,True,False,True,True,2,True,True,True,True,50,22,72
INC100132,P1,Security,L3,J. Rao,Access,2025-09-10 02:17:05,35,False,True,True,True,5,False,False,True,True,50,30,80
INC100133,P3,Security,L2,A. Roy,Other,2025-09-13 01:43:34,6,True,True,True,True,2,True,False,True,True,70,17,87
INC100134,P3,NetOps,L3,J. Rao,Hardware,2025-09-09 17:59:01,12,True,True,True,True,4,True,False,True,True,70,29,99
INC100135,P3,Apps,L3,P. Singh,Network,2025-08-30 21:21:00,6,True,True,True,False,5,True,True,True,True,60,40,100
INC100136,P2,Security,L2,S. Das,Other,2025-08-28 06:44:45,56,True,True,True,True,3,False,True,True,False,65,23,88
INC100137,P1,Security,L2,M. Lee,Network,2025-09-12 15:32:09,42,True,True,True,True,5,True,False,True,True,70,35,100
INC100138,P1,NetOps,L2,R. Gupta,Access,2025-08-24 20:30:05,37,True,False,False,True,5,False,True,True,True,40,35,75
INC100139,P3,Apps,L2,A. Roy,Network,2025-09-08 05:11:40,33,True,False,True,False,2,True,True,True,True,40,22,62
INC100140,P1,Security,L3,P. Singh,Hardware,2025-09-04 11:16:30,70,False,True,False,True,1,True,True,True,True,40,16,56
INC100141,P2,Apps,L1,T. Chen,Network,2025-09-11 04:52:31,64,True,True,True,False,2,False,False,True,True,60,12,72
INC100142,P1,EBS,L2,T. Chen,Software,2025-09-10 05:38:56,37,True,True,True,True,1,True,True,True,True,70,16,86
INC100143,P3,Security,L1,A. Roy,Other,2025-09-10 01:04:34,31,True,False,True,True,2,True,True,True,True,50,22,72
INC100144,P2,Apps,L3,M. Lee,Hardware,2025-08-27 11:09:28,29,False,True,True,True,1,True,False,True,True,50,11,61
INC100145,P2,Apps,L3,P. Singh,Software,2025-08-25 06:49:32,64,True,True,True,True,4,True,True,True,True,70,34,100
INC100146,P3,NetOps,L2,P. Singh,Access,2025-09-02 22:40:38,61,True,True,True,False,2,False,False,True,True,60,12,72
INC100147,P2,EBS,L2,S. Das,Other,2025-08-31 14:36:03,66,True,True,True,True,1,True,True,True,True,70,16,86
INC100148,P1,NetOps,L2,J. Rao,Other,2025-08-26 09:40:39,35,False,True,True,True,3,False,True,True,True,50,23,73
INC100149,P2,NetOps,L3,T. Chen,Access,2025-08-19 21:37:21,20,True,True,True,True,4,True,True,True,True,70,34,100
INC100150,P3,Security,L2,J. Rao,Other,2025-09-10 10:53:57,70,False,True,True,True,3,True,True,True,True,50,28,78
INC100151,P2,NetOps,L1,R. Gupta,Software,2025-09-07 02:06:55,50,True,True,True,True,5,True,True,True,True,70,40,100
INC100152,P2,Apps,L2,R. Gupta,Access,2025-08-31 02:45:13,49,False,True,True,True,4,False,False,True,True,50,24,74
INC100153,P3,EBS,L2,A. Roy,Software,2025-09-07 12:26:53,65,True,True,True,True,4,False,False,True,True,70,24,94
INC100154,P2,Apps,L2,A. Roy,Other,2025-09-17 10:14:38,59,True,False,True,True,5,False,True,True,True,50,35,85
INC100155,P3,EBS,L2,P. Singh,Software,2025-08-20 12:30:54,10,True,True,False,True,5,True,True,True,True,60,40,100
INC100156,P2,NetOps,L3,R. Gupta,Access,2025-09-11 13:37:48,11,True,True,True,True,1,True,False,True,True,70,11,81
INC100157,P3,Security,L2,R. Gupta,Access,2025-09-04 17:26:25,70,True,True,True,False,3,False,True,True,True,60,23,83
INC100158,P3,Apps,L1,R. Gupta,Network,2025-08-21 12:27:33,30,True,True,True,True,4,False,True,True,True,70,29,99
INC100159,P2,Apps,L3,R. Gupta,Hardware,2025-08-24 03:56:00,57,True,True,True,True,4,True,False,True,True,70,29,99
INC100160,P3,NetOps,L1,A. Roy,Network,2025-08-27 20:27:46,8,True,False,True,True,2,True,True,True,True,50,22,72
INC100161,P2,NetOps,L2,S. Das,Software,2025-09-03 00:25:55,68,True,True,True,True,5,True,True,True,True,70,40,100
INC100162,P3,EBS,L1,S. Das,Hardware,2025-09-08 18:42:32,49,False,True,True,True,4,False,True,True,True,50,29,79
INC100163,P2,EBS,L1,M. Lee,Network,2025-08-31 11:13:15,59,False,True,True,True,5,True,False,True,True,50,35,85
INC100164,P3,Apps,L2,J. Rao,Other,2025-09-01 04:06:39,21,True,False,True,True,1,False,False,True,True,50,6,56
INC100165,P2,NetOps,L3,J. Rao,Access,2025-08-23 08:41:21,33,True,False,True,False,5,False,True,True,True,40,35,75
INC100166,P2,EBS,L2,P. Singh,Access,2025-09-10 22:53:10,14,True,True,True,False,5,False,True,True,True,60,35,95
INC100167,P2,NetOps,L3,J. Rao,Network,2025-08-31 06:59:54,3,True,True,True,True,2,False,True,True,True,70,17,87
INC100168,P2,Apps,L3,P. Singh,Hardware,2025-09-07 23:46:51,64,True,True,True,True,2,True,True,True,True,70,22,92
INC100169,P1,NetOps,L1,R. Gupta,Software,2025-09-02 16:04:27,33,True,True,True,True,3,True,True,True,True,70,28,98
INC100170,P3,Apps,L3,R. Gupta,Hardware,2025-08-26 09:59:35,40,True,False,True,False,5,True,True,True,True,40,40,80
INC100171,P1,NetOps,L3,S. Das,Hardware,2025-09-10 04:13:48,38,True,True,True,True,2,False,True,True,True,70,17,87
INC100172,P3,Security,L1,S. Das,Software,2025-09-04 15:17:21,70,True,True,False,True,3,True,False,True,True,60,23,83
INC100173,P3,NetOps,L1,J. Rao,Access,2025-09-06 12:53:19,38,True,True,True,True,4,False,True,True,True,70,29,99
INC100174,P1,Security,L1,S. Das,Software,2025-09-05 05:15:56,51,True,True,True,True,4,True,True,True,True,70,34,100
INC100175,P2,Apps,L2,A. Roy,Network,2025-09-15 19:57:00,69,True,True,False,True,1,True,True,True,True,60,16,76
INC100176,P2,NetOps,L3,R. Gupta,Network,2025-08-25 18:37:30,49,True,True,True,True,2,True,True,True,True,70,22,92
INC100177,P1,EBS,L2,A. Roy,Other,2025-09-06 19:25:55,72,True,True,True,True,4,True,True,True,True,70,34,100
INC100178,P3,EBS,L3,A. Roy,Access,2025-09-04 16:47:20,39,True,True,True,True,2,True,True,True,True,70,22,92
INC100179,P1,EBS,L1,A. Roy,Network,2025-09-08 14:19:58,64,True,True,True,True,5,False,True,False,True,65,35,100
INC100180,P1,EBS,L3,S. Das,Access,2025-08-25 09:55:26,59,True,True,True,True,1,True,True,True,True,70,16,86
INC100181,P3,Security,L3,R. Gupta,Software,2025-09-06 18:53:37,54,True,False,True,True,5,False,True,True,True,50,35,85
INC100182,P2,Security,L2,A. Roy,Network,2025-08-24 14:00:08,28,True,True,True,True,5,True,True,True,True,70,40,100
INC100183,P2,EBS,L2,A. Roy,Network,2025-09-10 07:12:45,70,True,True,True,True,2,False,True,True,True,70,17,87
INC100184,P1,Security,L2,S. Das,Hardware,2025-09-06 04:31:09,59,True,True,True,False,5,False,False,True,True,60,30,90
INC100185,P3,EBS,L3,R. Gupta,Other,2025-08-24 05:26:28,3,True,True,True,True,4,True,True,True,False,65,34,99
INC100186,P2,EBS,L1,P. Singh,Other,2025-08-22 05:33:43,27,True,True,True,True,5,True,True,True,True,70,40,100
INC100187,P3,EBS,L3,S. Das,Software,2025-08-23 02:34:13,43,True,True,True,True,4,True,True,True,True,70,34,100
INC100188,P3,Apps,L2,P. Singh,Software,2025-08-26 22:32:49,17,False,True,True,True,2,False,True,True,True,50,17,67
INC100189,P2,EBS,L1,R. Gupta,Hardware,2025-09-15 00:01:49,17,False,False,True,False,2,False,True,True,True,20,17,37
INC100190,P2,EBS,L3,J. Rao,Hardware,2025-08-20 11:56:50,23,True,True,True,True,5,True,True,True,False,65,40,100
INC100191,P1,EBS,L3,M. Lee,Other,2025-09-01 15:48:34,15,True,False,True,True,1,False,True,True,True,50,11,61
INC100192,P2,Security,L2,T. Chen,Other,2025-08-22 20:41:03,14,True,True,True,True,5,True,True,True,True,70,40,100
INC100193,P3,EBS,L3,A. Roy,Other,2025-09-10 17:15:30,39,True,True,True,True,4,True,True,True,True,70,34,100
INC100194,P3,Apps,L1,M. Lee,Access,2025-09-11 00:17:31,55,True,True,True,True,3,True,True,True,True,70,28,98
INC100195,P2,Security,L1,A. Roy,Network,2025-08-25 00:25:06,19,True,True,True,True,5,True,True,True,True,70,40,100
INC100196,P1,NetOps,L3,R. Gupta,Other,2025-08-22 23:09:33,71,True,True,False,True,4,True,True,True,True,60,34,94
INC100197,P2,NetOps,L2,T. Chen,Other,2025-09-04 13:30:08,56,True,False,True,True,3,True,False,True,True,50,23,73
INC100198,P3,Apps,L3,R. Gupta,Other,2025-08-24 14:11:06,28,True,True,True,True,5,False,True,True,True,70,35,100
INC100199,P2,EBS,L2,J. Rao,Access,2025-09-09 15:42:06,52,True,True,False,True,5,True,True,True,True,60,40,100
INC100200,P3,Apps,L2,M. Lee,Network,2025-09-08 23:17:49,33,True,True,True,True,2,True,False,True,True,70,17,87
INC100201,P1,Security,L1,A. Roy,Hardware,2025-09-06 22:43:34,12,True,True,True,False,1,True,True,True,True,60,16,76
INC100202,P1,NetOps,L1,T. Chen,Hardware,2025-09-09 17:48:23,72,True,True,False,True,5,False,True,True,True,60,35,95
INC100203,P2,Apps,L2,J. Rao,Access,2025-09-16 01:02:32,7,True,False,True,False,5,False,True,True,True,40,35,75
INC100204,P3,NetOps,L2,A. Roy,Other,2025-09-02 17:44:47,65,True,True,True,True,1,False,False,True,True,70,6,76
INC100205,P1,Security,L1,P. Singh,Hardware,2025-08-30 02:29:33,45,True,True,True,True,3,True,True,True,True,70,28,98
INC100206,P2,Apps,L2,T. Chen,Software,2025-09-15 18:43:48,55,True,True,True,False,1,False,True,True,True,60,11,71
INC100207,P3,Apps,L3,R. Gupta,Network,2025-09-16 00:12:22,4,True,True,False,True,2,True,True,True,True,60,22,82
INC100208,P2,NetOps,L2,J. Rao,Hardware,2025-08-28 12:50:01,24,True,False,True,True,2,True,True,True,True,50,22,72
INC100209,P3,Security,L1,S. Das,Hardware,2025-08-26 17:32:02,12,True,True,True,True,4,True,True,True,True,70,34,100
INC100210,P1,Security,L2,M. Lee,Network,2025-09-14 12:41:27,21,True,True,True,False,1,True,True,True,True,60,16,76
INC100211,P2,NetOps,L3,T. Chen,Hardware,2025-09-06 17:46:37,7,False,True,True,True,3,True,False,True,True,50,23,73
INC100212,P1,Apps,L3,A. Roy,Network,2025-08-27 07:53:51,57,False,True,True,True,2,True,True,True,True,50,22,72
INC100213,P2,Security,L2,J. Rao,Software,2025-09-09 08:38:48,66,True,True,True,True,3,True,True,True,True,70,28,98
INC100214,P2,Security,L1,J. Rao,Other,2025-08-25 07:14:27,63,True,True,True,True,4,False,False,True,True,70,24,94
INC100215,P3,NetOps,L1,S. Das,Access,2025-09-14 08:33:23,8,True,True,True,True,3,True,True,True,True,70,28,98
INC100216,P1,NetOps,L1,P. Singh,Software,2025-08-20 03:35:23,33,True,True,True,True,1,False,True,True,True,70,11,81
INC100217,P2,Apps,L1,M. Lee,Access,2025-09-02 19:51:51,23,True,False,False,True,5,False,False,True,True,40,30,70
INC100218,P2,EBS,L3,T. Chen,Network,2025-08-26 01:08:46,10,True,True,True,True,4,True,True,True,True,70,34,100
INC100219,P3,Apps,L2,A. Roy,Access,2025-09-08 01:15:19,10,True,True,True,True,4,False,True,True,True,70,29,99
