rule_id,applies_to_category,condition,severity,guidance
R-HIPAA-PHI,ANY,No raw PHI stored in quote notes,High,Anonymize patient identifiers; store MRN only if required.
R-RX-DEVICE,Cardiology,If requires_rx=True then 'Physician Approval' must be attached,High,Collect physician approval artifact.
R-INSTALL-IMAGING,Imaging,If device category is Imaging then include 'On-site Installation' service,Medium,Bundle S-INSTALL for Imaging devices.
R-TRAIN-HIGH,Imaging,If device category is Imaging then recommend 'Clinical Staff Training',Low,Add S-TRAIN unless customer declines.
R-LOT-TRACE,Consumable,Consumables must support lot/expiry tracking,Medium,Confirm vendor provides lot/expiry metadata.
