product_id,name,type,vendor,category,requires_rx,in_stock,uom
P-ECG-100,CardioSense ECG Monitor,Device,MediPulse,Cardiology,True,23,unit
P-ECG-LEADS,ECG Lead Set (5 pk),Accessory,MediPulse,Cardiology,False,180,pack
P-PUMP-200,InfuFlow IV Pump,Device,CareTech,Infusion Therapy,False,12,unit
P-PUMP-SET,IV Pump Set (20 pk),Consumable,CareTech,Infusion Therapy,False,500,box
P-IMG-CT,CT Scanner Lite,Device,VisuMed,Imaging,True,2,unit
S-INSTALL,On-site Installation,Service,TCS Health,Professional Services,False,9999,service
S-TRAIN,Clinical Staff Training,Service,TCS Health,Professional Services,False,9999,service
S-MAINT-1Y,1-Year Maintenance,Service,TCS Health,Support,False,9999,service
P-NEB-10,Nebulizer Pro,Device,AirHeal,Respiratory,False,34,unit
C-FILT-N95,N95 Filter Pack (50),Consumable,AirHeal,Respiratory,False,200,box
