asset_id,date,vibration_mm_s,temp_c,overdue_days,last_pm_date,sn_incidents_30d,risk,asset_name,site,area,criticality
MTR-12,2025-09-13 19:39:13.578311,11.1,75.4,15,2025-07-05 19:39:13.578311,1,0.46,Mill Motor - 12,Wageruo,Milling,High
FAN-7,2025-09-14 19:39:13.578311,3.2,44.0,0,2025-09-08 19:39:13.578311,0,0.08,Cooling Fan - 7,São Luís,Cooling,Low
PUMP-3B,2025-09-15 19:39:13.578311,6.1,65.0,0,2025-08-24 19:39:13.578311,0,0.15,Boiler Feed Pump - 3B,São Luís,Boiler House,Medium
CONV-1,2025-09-16 19:39:13.578311,9.4,72.2,10,2025-07-20 19:39:13.578311,1,0.38,Conveyor - 1,Wageruo,Crushing,High
PUMP-2A,2025-09-17 19:39:13.578311,14.5,81.0,32,2025-06-20 19:39:13.578311,2,0.78,Boiler Feed Pump - 2A,São Luís,Boiler House,High
